<application>
  <component name="ProjectManager">
    <defaultProject>
      <component name="InspectionProjectProfileManager">
        <option name="PROJECT_PROFILE" />
        <version value="1.0" />
      </component>
      <component name="MavenImportPreferences">
        <option name="generalSettings">
          <MavenGeneralSettings>
            <option name="mavenHome" value="D:/Program Files/Maven/apache-maven-3.6.3" />
            <option name="userSettingsFile" value="D:\Program Files\Maven\apache-maven-3.6.3\conf\settings.xml" />
          </MavenGeneralSettings>
        </option>
      </component>
      <component name="ProjectViewState">
        <option name="hideEmptyMiddlePackages" value="true" />
        <option name="showExcludedFiles" value="true" />
        <option name="showLibraryContents" value="true" />
      </component>
      <component name="PropertiesComponent">
        <property name="nodejs_interpreter_path.stuck_in_default_project" value="undefined stuck path" />
        <property name="settings.editor.selected.configurable" value="MavenSettings" />
      </component>
    </defaultProject>
  </component>
</application>